{"cameraMode":{"drawMode":0,"name":"Shaded","section":"Shading Mode"},"sceneLighting":true,"audioPlay":false,"sceneViewState":{"showFog":true,"showMaterialUpdate":true,"showSkybox":false,"showFlares":true,"showImageEffects":true,"showParticleSystems":true},"in2DMode":false,"pivot":{"x":561.9058837890625,"y":359.443359375,"z":16.311914443969728},"rotation":{"x":0.02580692432820797,"y":-0.0020965547300875189,"z":0.00005420314846560359,"w":0.9996647834777832},"size":379.10430908203127,"orthographic":false}